Company,count
HealthTrust,26
Trinity Health,4
Cox Health,4
CHS,4
Scion Health,3
Surgery Partners,3
Orlando Health,3
Lifepoint Health,3
HSHS,2
HCA Healthcare,2
Ovation Healthcare,2
Caromont,2
Beacon,2
UCI Health,2
Tenet Healthcare,2
Scripps,2
Boston Medical Center,2
Mercy Health,2
Albany Med Ctr,1
HomeTown Health,1
Next Tier Cybersecurity,1
Renown Health,1
Cindy Rios,1
St. Francis,1
UMC So. Nevada,1
Valify,1
Valley Health,1
Beacon Health,1
Jefferies,1
Duly Health and Care,1
Aon's Cyber Solutions,1
Henry Schein,1
"Paul Connelly CISO, LLC",1
Steward,1
Comcast,1
Intelligence Research Institute,1
Prime,1
CHRISTUS,1
Erlanger Health,1
CHC,1
Palomar,1
BILH,1
McLeod,1
Cvent,1
Hunton Andrews Kurth LLP,1
"R.N., Nurse Consultant",1
DCH Health System,1
Cape Cod Health,1
St. Lukes,1
El Camino Health,1
FMOLHS,1
Maine Health,1
Northern Light,1
MemorialCare,1
LCMC,1
"Franciscan Alliance, Inc.",1
USA Health,1
USPI,1
AllSpire Health GPO,1
AmSurg,1
Ardent,1
MindSpring Consulting,1
